{
  "Recall@10": 0.1413727473656098,
  "NDCG@10": 0.2010116583522489,
  "num_eval_users": 6038,
  "gmf_best_val": 0.13939628779887706,
  "gmf_best_epoch": 37,
  "mlp_best_val": 0.12707226822114295,
  "mlp_best_epoch": 18,
  "neumf_best_val": 0.12514946060727553,
  "neumf_best_epoch": 14
}