{
  "Recall@10": 0.14161115724010556,
  "NDCG@10": 0.20042582847850238,
  "num_eval_users": 6038,
  "gmf_best_val": 0.12445836733030076,
  "gmf_best_epoch": 38,
  "mlp_best_val": 0.13864292412112836,
  "mlp_best_epoch": 7,
  "neumf_best_val": 0.12155495816786492,
  "neumf_best_epoch": 15
}