{
  "Recall@10": 0.1379766228174994,
  "NDCG@10": 0.19464904605943587,
  "num_eval_users": 6038,
  "gmf_best_val": 0.12445836733030076,
  "gmf_best_epoch": 38,
  "mlp_best_val": 0.13864292412112836,
  "mlp_best_epoch": 7,
  "neumf_best_val": 0.11409566761213322,
  "neumf_best_epoch": 18
}