{
  "Recall@10": 0.1444641254837595,
  "NDCG@10": 0.20496957903185103,
  "num_eval_users": 6038,
  "gmf_best_val": 0.13939628779887706,
  "gmf_best_epoch": 37,
  "mlp_best_val": 0.12707226822114295,
  "mlp_best_epoch": 18,
  "neumf_best_val": 0.12272687615280967,
  "neumf_best_epoch": 6
}