{
  "Recall@10": 0.13917074892825407,
  "NDCG@10": 0.20080909354589022,
  "num_eval_users": 6038,
  "gmf_best_val": 0.1401789125496245,
  "gmf_best_epoch": 36,
  "mlp_best_val": 0.13071776510173785,
  "mlp_best_epoch": 9,
  "neumf_best_val": 0.13112400791925677,
  "neumf_best_epoch": 8
}