{
  "Recall@10": 0.1451403003200235,
  "NDCG@10": 0.20619042569887902,
  "num_eval_users": 6038,
  "gmf_best_val": 0.1302994684199398,
  "gmf_best_epoch": 37,
  "mlp_best_val": 0.13308107328214125,
  "mlp_best_epoch": 10,
  "neumf_best_val": 0.12149226770463921,
  "neumf_best_epoch": 28
}