{
  "Recall@10": 0.14422470346786484,
  "NDCG@10": 0.20506957780759094,
  "num_eval_users": 6038,
  "gmf_best_val": 0.1352643238775083,
  "gmf_best_epoch": 18,
  "mlp_best_val": 0.12290844041720252,
  "mlp_best_epoch": 15,
  "neumf_best_val": 0.11964210427073423,
  "neumf_best_epoch": 5
}