{
  "Recall@10": 0.07796940213897646,
  "NDCG@10": 0.1146420948402789,
  "num_eval_users": 6038,
  "gmf_best_val": null,
  "gmf_best_epoch": null,
  "mlp_best_val": null,
  "mlp_best_epoch": null,
  "neumf_best_val": 0.16169074075128043,
  "neumf_best_epoch": 2
}