{
  "Recall@10": 0.13349568063056594,
  "NDCG@10": 0.19279324468264097,
  "num_eval_users": 6038,
  "gmf_best_val": 0.1401789125496245,
  "gmf_best_epoch": 36,
  "mlp_best_val": null,
  "mlp_best_epoch": null,
  "neumf_best_val": 0.12743271292630565,
  "neumf_best_epoch": 11
}