{
  "Recall@10": 0.143807012270836,
  "NDCG@10": 0.20415397489251202,
  "num_eval_users": 6038,
  "gmf_best_val": 0.13939628779887706,
  "gmf_best_epoch": 37,
  "mlp_best_val": 0.14096483934368986,
  "mlp_best_epoch": 9,
  "neumf_best_val": 0.12405338225921875,
  "neumf_best_epoch": 16
}