{
  "Recall@10": 0.13703879508182498,
  "NDCG@10": 0.1945959734994685,
  "num_eval_users": 6038,
  "gmf_best_val": null,
  "gmf_best_epoch": null,
  "mlp_best_val": 0.12839220831799353,
  "mlp_best_epoch": 19,
  "neumf_best_val": 0.12089523969300868,
  "neumf_best_epoch": 9
}