{
  "Recall@10": 0.14025828732572038,
  "NDCG@10": 0.20086370816674542,
  "num_eval_users": 6038,
  "gmf_best_val": 0.1401789125496245,
  "gmf_best_epoch": 36,
  "mlp_best_val": 0.13071776510173785,
  "mlp_best_epoch": 9,
  "neumf_best_val": 0.12726630447408271,
  "neumf_best_epoch": 14
}