{
  "Recall@10": 0.13922803878578405,
  "NDCG@10": 0.19916497134292843,
  "num_eval_users": 6038,
  "gmf_best_val": 0.15288043242566912,
  "gmf_best_epoch": 34,
  "mlp_best_val": 0.12945182400496616,
  "mlp_best_epoch": 15,
  "neumf_best_val": 0.12801630954182608,
  "neumf_best_epoch": 5
}