{
  "Recall@10": 0.14096330327945164,
  "NDCG@10": 0.2015246415790925,
  "num_eval_users": 6038,
  "gmf_best_val": 0.1401789125496245,
  "gmf_best_epoch": 36,
  "mlp_best_val": 0.13071776510173785,
  "mlp_best_epoch": 9,
  "neumf_best_val": 0.12190871523047654,
  "neumf_best_epoch": 11
}