{
  "Recall@10": 0.1198473609297043,
  "NDCG@10": 0.17633276945620252,
  "num_eval_users": 6038,
  "gmf_best_val": 0.3413747724567407,
  "gmf_best_epoch": 50,
  "mlp_best_val": 0.3196102843446606,
  "mlp_best_epoch": 12,
  "neumf_best_val": 0.29690877653306813,
  "neumf_best_epoch": 35
}